监测时间,SO2,NO2,PM10,PM2_5,O3,CO,SO2_IAQI,NO2_IAQI,CO_IAQI,O3_IAQI,PM2_5_IAQI,PM10_IAQI,AQI,AQI_Category
2019-04-16,5,56,36,31,103,0.8,5,70,20,53,44,36,70,良
2019-04-17,9,63,67,53,206,1.1,9,79,28,142,73,59,142,轻度污染
2019-04-18,6,37,31,25,83,0.6,6,46,15,42,36,31,46,优
2019-04-19,5,50,23,15,71,0.6,5,63,15,36,21,23,63,良
2019-04-20,6,68,33,26,32,0.7,6,85,18,16,37,33,85,良
2019-04-21,4,53,41,27,35,0.7,4,66,18,18,39,41,66,良
2019-04-22,4,32,32,16,64,0.6,4,40,15,32,23,32,40,优
2019-04-23,6,27,35,17,65,0.5,6,34,13,33,24,35,35,优
2019-04-24,5,20,35,16,85,0.6,5,25,15,43,23,35,43,优
2019-04-25,7,23,36,19,79,0.7,7,29,18,40,27,36,40,优
2019-04-26,8,32,44,22,67,0.7,8,40,18,34,31,44,44,优
2019-04-27,6,48,22,12,56,0.7,6,60,18,28,17,22,60,良
2019-04-28,6,42,34,22,78,0.7,6,53,18,39,31,34,53,良
2019-04-29,7,34,39,22,80,0.6,7,43,15,40,31,39,43,优
2019-04-30,5,33,28,16,109,0.7,5,41,18,58,23,28,58,良
2019-05-01,5,29,25,12,81,0.9,5,36,23,41,17,25,41,优
2019-05-02,5,33,30,20,46,0.9,5,41,23,23,29,30,41,优
2019-05-03,7,40,46,28,132,0.7,7,50,18,77,40,46,77,良
2019-05-04,6,64,51,32,60,0.7,6,80,18,30,46,51,80,良
2019-05-05,6,52,27,24,32,0.7,6,65,18,16,34,27,65,良
2019-05-06,5,47,20,12,27,0.7,5,59,18,14,17,20,59,良
2019-05-07,6,51,24,16,41,0.7,6,64,18,21,23,24,64,良
2019-05-08,6,51,26,21,20,0.8,6,64,20,10,30,26,64,良
2019-05-09,6,45,28,15,62,0.8,6,56,20,31,21,28,56,良
2019-05-10,8,51,56,31,98,0.9,8,64,23,49,44,53,64,良
2019-05-11,13,47,61,49,206,0.9,13,59,23,142,68,56,142,轻度污染
2019-05-12,11,34,43,29,126,0.7,11,43,18,72,41,43,72,良
2019-05-13,10,38,45,25,99,0.7,10,48,18,50,36,45,50,优
2019-05-14,7,27,34,20,96,0.6,7,34,15,48,29,34,48,优
2019-05-15,6,25,38,20,54,0.7,6,31,18,27,29,38,38,优
2019-05-16,5,21,40,20,84,0.7,5,26,18,42,29,40,42,优
2019-05-17,3,16,36,17,81,0.7,3,20,18,41,24,36,41,优
2019-05-18,7,14,36,17,100,0.6,7,18,15,50,24,36,50,优
2019-05-19,5,12,35,16,100,0.6,5,15,15,50,23,35,50,优
2019-05-20,4,25,32,14,118,0.7,4,31,18,65,20,32,65,良
2019-05-21,4,40,44,29,80,0.8,4,50,20,40,41,44,50,优
2019-05-22,7,30,45,33,128,0.8,7,38,20,73,47,45,73,良
2019-05-23,6,43,37,29,54,0.9,6,54,23,27,41,37,54,良
2019-05-24,3,32,37,29,88,0.7,3,40,18,44,41,37,44,优
2019-05-25,4,28,29,14,48,0.6,4,35,15,24,20,29,35,优
2019-05-26,4,23,18,7,71,0.6,4,29,15,36,10,18,36,优
2019-05-27,7,30,20,8,78,0.6,7,38,15,39,11,20,39,优
2019-05-28,7,42,25,12,87,0.6,7,53,15,44,17,25,53,良
2019-05-29,4,46,25,17,41,0.6,4,58,15,21,24,25,58,良
2019-05-30,5,40,31,16,67,0.5,5,50,13,34,23,31,50,优
2019-05-31,5,49,36,19,72,0.6,5,61,15,36,27,36,61,良
2019-06-01,4,34,23,13,76,0.6,4,43,15,38,19,23,43,优
2019-06-02,5,30,24,10,54,0.6,5,38,15,27,14,24,38,优
2019-06-03,4,30,23,11,97,0.7,4,38,18,49,16,23,49,优
2019-06-04,3,37,26,11,70,0.7,3,46,18,35,16,26,46,优
2019-06-05,4,31,31,13,43,0.6,4,39,15,22,19,31,39,优
2019-06-06,3,19,23,8,64,0.5,3,24,13,32,11,23,32,优
2019-06-07,4,10,16,4,70,0.5,4,13,13,35,6,16,35,优
2019-06-08,4,11,17,4,67,0.4,4,14,10,34,6,17,34,优
2019-06-09,5,13,20,4,58,0.5,5,16,13,29,6,20,29,优
2019-06-10,2,21,21,6,70,0.5,2,26,13,35,9,21,35,优
2019-06-11,4,49,24,14,54,0.7,4,61,18,27,20,24,61,良
2019-06-12,6,47,28,15,94,0.6,6,59,15,47,21,28,59,良
2019-06-13,5,31,26,11,108,0.7,5,39,18,57,16,26,57,良
2019-06-14,4,36,30,14,180,0.7,4,45,18,118,20,30,118,轻度污染
2019-06-15,8,38,41,22,208,0.7,8,48,18,144,31,41,144,轻度污染
2019-06-16,5,24,36,17,148,0.6,5,30,15,90,24,36,90,良
2019-06-17,4,25,30,13,119,0.6,4,31,15,66,19,30,66,良
2019-06-18,5,29,19,7,61,0.6,5,36,15,31,10,19,36,优
2019-06-19,4,24,24,8,84,0.8,4,30,20,42,11,24,42,优
2019-06-20,4,16,19,5,55,0.7,4,20,18,28,7,19,28,优
2019-06-21,4,15,21,6,75,0.7,4,19,18,38,9,21,38,优
2019-06-22,4,14,24,6,71,0.6,4,18,15,36,9,24,36,优
2019-06-23,3,24,27,6,54,0.6,3,30,15,27,9,27,30,优
2019-06-24,4,41,22,9,24,0.8,4,51,20,12,13,22,51,良
2019-06-25,10,35,29,16,113,0.8,10,44,20,61,23,29,61,良
2019-06-26,14,44,36,20,90,1.0,14,55,25,45,29,36,55,良
2019-06-27,10,25,31,14,87,0.8,10,31,20,44,20,31,44,优
2019-06-28,8,23,32,12,112,0.7,8,29,18,60,17,32,60,良
2019-06-29,8,19,30,11,117,0.7,8,24,18,64,16,30,64,良
2019-06-30,7,33,34,13,96,0.8,7,41,20,48,19,34,48,优
2019-07-01,6,37,31,14,150,0.7,6,46,18,92,20,31,92,良
2019-07-02,6,33,29,10,128,0.6,6,41,15,73,14,29,73,良
2019-07-03,4,30,14,4,32,0.6,4,38,15,16,6,14,38,优
2019-07-04,5,21,24,9,59,0.7,5,26,18,30,13,24,30,优
2019-07-05,6,18,27,9,92,0.6,6,23,15,46,13,27,46,优
2019-07-06,7,16,26,9,99,0.6,7,20,15,50,13,26,50,优
2019-07-07,6,10,25,9,77,0.6,6,13,15,39,13,25,39,优
2019-07-08,6,11,29,10,68,0.6,6,14,15,34,14,29,34,优
2019-07-09,7,16,34,13,71,0.6,7,20,15,36,19,34,36,优
2019-07-10,5,37,17,10,28,0.8,5,46,20,14,14,17,46,优
2019-07-11,6,46,37,21,88,0.9,6,58,23,44,30,37,58,良
2019-07-12,6,19,32,15,60,0.7,6,24,18,30,21,32,32,优
2019-07-13,7,14,34,15,72,0.6,7,18,15,36,21,34,36,优
2019-07-14,6,17,31,16,74,0.7,6,21,18,37,23,31,37,优
2019-07-15,6,17,38,19,102,0.7,6,21,18,52,27,38,52,良
2019-07-16,6,21,41,22,150,0.7,6,26,18,92,31,41,92,良
2019-07-17,9,30,41,36,236,0.8,9,38,20,171,51,41,171,中度污染
2019-07-18,11,32,53,36,173,0.9,11,40,23,112,51,52,112,轻度污染
2019-07-19,7,39,42,25,70,1.0,7,49,25,35,36,42,49,优
2019-07-20,6,44,42,24,93,1.0,6,55,25,47,34,42,55,良
2019-07-21,5,32,30,19,58,0.9,5,40,23,29,27,30,40,优
2019-07-22,6,43,38,22,84,1.0,6,54,25,42,31,38,54,良
2019-07-23,4,40,28,15,57,0.9,4,50,23,29,21,28,50,优
2019-07-24,3,34,27,12,49,0.9,3,43,23,25,17,27,43,优
2019-07-25,4,23,27,11,90,0.8,4,29,20,45,16,27,45,优
2019-07-26,7,23,30,13,107,0.8,7,29,20,56,19,30,56,良
2019-07-27,5,18,26,11,105,0.8,5,23,20,54,16,26,54,良
2019-07-28,6,22,26,11,60,0.8,6,28,20,30,16,26,30,优
2019-07-29,5,34,25,13,107,0.8,5,43,20,56,19,25,56,良
2019-07-30,4,25,25,7,77,0.8,4,31,20,39,10,25,39,优
2019-07-31,4,25,18,4,25,0.8,4,31,20,13,6,18,31,优
2019-08-01,2,21,10,2,30,0.8,2,26,20,15,3,10,26,优
2019-08-02,3,25,16,5,40,0.9,3,31,23,20,7,16,31,优
2019-08-03,4,33,23,7,78,0.9,4,41,23,39,10,23,41,优
2019-08-04,6,34,40,20,185,1.0,6,43,25,123,29,40,123,轻度污染
2019-08-05,7,40,48,27,246,0.9,7,50,23,181,39,48,181,中度污染
2019-08-06,9,37,37,19,142,0.8,9,46,20,85,27,37,85,良
2019-08-07,7,36,45,28,236,0.8,7,45,20,171,40,45,171,中度污染
2019-08-08,8,31,48,30,228,0.8,8,39,20,163,43,48,163,中度污染
2019-08-09,10,30,54,34,202,0.8,10,38,20,138,49,52,138,轻度污染
2019-08-10,6,22,44,30,153,0.8,6,28,20,94,43,44,94,良
2019-08-11,7,14,32,20,134,0.7,7,18,18,78,29,32,78,良
2019-08-12,9,21,33,16,138,0.7,9,26,18,82,23,33,82,良
2019-08-13,8,19,33,16,140,0.7,8,24,18,83,23,33,83,良
2019-08-14,9,22,40,20,182,0.7,9,28,18,120,29,40,120,轻度污染
2019-08-15,9,27,28,17,127,0.8,9,34,20,73,24,28,73,良
2019-08-16,7,27,32,14,146,0.8,7,34,20,88,20,32,88,良
2019-08-17,9,36,32,23,87,0.8,9,45,20,44,33,32,45,优
2019-08-18,12,27,24,9,64,0.7,12,34,18,32,13,24,34,优
2019-08-19,6,38,41,26,132,0.9,6,48,23,77,37,41,77,良
2019-08-20,6,32,42,31,186,0.8,6,40,20,124,44,42,124,轻度污染
2019-08-21,6,22,45,29,252,0.8,6,28,20,187,41,45,187,中度污染
2019-08-22,8,23,45,28,221,0.7,8,29,18,156,40,45,156,中度污染
2019-08-23,8,35,50,31,169,0.7,8,44,18,108,44,50,108,轻度污染
2019-08-24,11,45,69,47,198,0.8,11,56,20,135,65,60,135,轻度污染
2019-08-25,9,27,50,39,70,0.8,9,34,20,35,55,50,55,良
2019-08-26,5,24,20,14,60,0.6,5,30,15,30,20,20,30,优
2019-08-27,4,26,20,9,56,0.6,4,33,15,28,13,20,33,优
2019-08-28,6,32,42,20,170,0.6,6,40,15,109,29,42,109,轻度污染
2019-08-29,6,22,27,12,73,0.5,6,28,13,37,17,27,37,优
2019-08-30,5,22,20,6,56,0.5,5,28,13,28,9,20,28,优
2019-08-31,6,34,28,12,86,0.6,6,43,15,43,17,28,43,优
2019-09-01,7,26,27,10,86,0.6,7,33,15,43,14,27,43,优
2019-09-02,6,25,20,6,35,0.6,6,31,15,18,9,20,31,优
2019-09-03,6,25,26,10,89,0.6,6,31,15,45,14,26,45,优
2019-09-04,6,28,28,14,72,0.6,6,35,15,36,20,28,36,优
2019-09-05,7,28,26,12,95,0.6,7,35,15,48,17,26,48,优
2019-09-06,7,27,37,19,184,0.7,7,34,18,122,27,37,122,轻度污染
2019-09-07,8,31,52,35,255,0.8,8,39,20,190,50,51,190,中度污染
2019-09-08,11,21,49,36,168,0.8,11,26,20,107,51,49,107,轻度污染
2019-09-09,9,21,44,34,141,0.8,9,26,20,84,49,44,84,良
2019-09-10,5,16,24,11,104,0.5,5,20,13,53,16,24,53,良
2019-09-11,6,22,33,16,173,0.6,6,28,15,112,23,33,112,轻度污染
2019-09-12,7,26,41,29,242,0.7,7,33,18,177,41,41,177,中度污染
2019-09-13,8,9,31,19,155,0.6,8,11,15,96,27,31,96,良
2019-09-14,7,18,27,15,92,0.6,7,23,15,46,21,27,46,优
2019-09-15,7,28,46,28,214,0.7,7,35,18,149,40,46,149,轻度污染
2019-09-16,7,26,39,29,189,0.7,7,33,18,126,41,39,126,轻度污染
2019-09-17,5,21,29,22,168,0.7,5,26,18,107,31,29,107,轻度污染
2019-09-18,6,33,52,35,184,0.8,6,41,20,122,50,51,122,轻度污染
2019-09-19,8,27,56,33,193,0.7,8,34,18,130,47,53,130,轻度污染
2019-09-20,9,36,54,26,188,0.6,9,45,15,125,37,52,125,轻度污染
2019-09-21,12,27,68,36,204,0.7,12,34,18,140,51,59,140,轻度污染
2019-09-22,10,21,50,22,169,0.5,10,26,13,108,31,50,108,轻度污染
2019-09-23,10,36,53,22,178,0.5,10,45,13,116,31,52,116,轻度污染
2019-09-24,11,64,61,29,181,0.7,11,80,18,119,41,56,119,轻度污染
2019-09-25,13,40,72,44,218,0.9,13,50,23,153,61,61,153,中度污染
2019-09-26,14,32,79,53,259,1.0,14,40,25,194,73,65,194,中度污染
2019-09-27,14,46,78,53,228,1.0,14,58,25,163,73,64,163,中度污染
2019-09-28,16,57,97,65,211,1.1,16,71,28,146,88,74,146,轻度污染
2019-09-29,17,46,90,66,226,1.2,17,58,30,161,89,70,161,中度污染
2019-09-30,20,71,90,56,242,1.1,20,89,28,177,76,70,177,中度污染
2019-10-01,15,41,79,54,218,1.0,15,51,25,153,74,65,153,中度污染
2019-10-02,8,11,74,51,192,0.9,8,14,23,129,70,62,129,轻度污染
2019-10-03,8,9,46,32,153,0.8,8,11,20,94,46,46,94,良
2019-10-04,8,10,40,26,156,0.7,8,13,18,97,37,40,97,良
2019-10-05,9,25,47,29,182,0.8,9,31,20,120,41,47,120,轻度污染
2019-10-06,7,24,41,23,149,0.7,7,30,18,91,33,41,91,良
2019-10-07,8,36,44,26,106,0.8,8,45,20,55,37,44,55,良
2019-10-08,10,46,74,58,187,1.1,10,58,28,125,79,62,125,轻度污染
2019-10-09,6,22,49,34,187,0.9,6,28,23,125,49,49,125,轻度污染
2019-10-10,7,26,49,32,170,0.9,7,33,23,109,46,49,109,轻度污染
2019-10-11,9,27,54,37,212,0.9,9,34,23,147,53,52,147,轻度污染
2019-10-12,11,27,69,44,238,1.0,11,34,25,173,61,60,173,中度污染
2019-10-13,9,31,47,38,104,1.0,9,39,25,53,54,47,54,良
2019-10-14,8,30,58,42,99,1.1,8,38,28,50,59,54,59,良
2019-10-15,7,28,50,33,136,1.0,7,35,25,80,47,50,80,良
2019-10-16,8,32,51,31,157,0.7,8,40,18,98,44,51,98,良
2019-10-17,11,36,51,30,149,0.7,11,45,18,91,43,51,91,良
2019-10-18,12,38,58,32,163,0.8,12,48,20,103,46,54,103,轻度污染
2019-10-19,11,44,63,38,200,0.8,11,55,20,136,54,57,136,轻度污染
2019-10-20,13,45,76,51,198,0.9,13,56,23,135,70,63,135,轻度污染
2019-10-21,11,27,71,50,243,0.8,11,34,20,178,69,61,178,中度污染
2019-10-22,7,26,54,32,177,0.7,7,33,18,115,46,52,115,轻度污染
2019-10-23,7,35,53,30,190,0.7,7,44,18,127,43,52,127,轻度污染
2019-10-24,9,38,68,46,171,0.8,9,48,20,110,64,59,110,轻度污染
2019-10-25,9,37,65,43,209,0.8,9,46,20,145,60,58,145,轻度污染
2019-10-26,8,37,65,44,102,0.9,8,46,23,52,61,58,61,良
2019-10-27,9,32,74,45,156,1.0,9,40,25,97,63,62,97,良
2019-10-28,10,47,59,30,32,1.1,10,59,28,16,43,55,59,良
2019-10-29,8,38,38,14,113,0.9,8,48,23,61,20,38,61,良
2019-10-30,9,44,66,26,106,0.8,9,55,20,55,37,58,58,良
2019-10-31,11,57,97,36,112,0.8,11,71,20,60,51,74,74,良
2019-11-01,17,75,106,50,180,1.1,17,94,28,118,69,78,118,轻度污染
2019-11-02,13,59,105,62,262,1.1,13,74,28,197,84,78,197,中度污染
2019-11-03,14,42,89,47,167,1.0,14,53,25,106,65,70,106,轻度污染
2019-11-04,13,25,81,42,180,0.9,13,31,23,118,59,66,118,轻度污染
2019-11-05,13,37,83,45,150,0.8,13,46,20,92,63,67,92,良
2019-11-06,13,72,80,44,158,0.9,13,90,23,98,61,65,98,良
2019-11-07,13,50,73,38,148,0.8,13,63,20,90,54,62,90,良
2019-11-08,12,42,59,30,133,0.6,12,53,15,78,43,55,78,良
2019-11-09,14,63,69,36,156,0.6,14,79,15,97,51,60,97,良
2019-11-10,17,75,89,50,158,0.8,17,94,20,98,69,70,98,良
2019-11-11,15,77,105,63,200,1.0,15,96,25,136,85,78,136,轻度污染
2019-11-12,7,42,63,34,112,0.6,7,53,15,60,49,57,60,良
2019-11-13,8,46,80,45,194,0.8,8,58,20,131,63,65,131,轻度污染
2019-11-14,7,35,69,39,152,0.8,7,44,20,93,55,60,93,良
2019-11-15,10,85,118,72,189,1.1,10,103,28,126,96,84,126,轻度污染
2019-11-16,7,52,82,42,152,0.7,7,65,18,93,59,66,93,良
2019-11-17,8,53,73,36,156,0.7,8,66,18,97,51,62,97,良
2019-11-18,8,41,80,39,121,0.9,8,51,23,68,55,65,68,良
2019-11-19,6,29,40,19,128,0.9,6,36,23,73,27,40,73,良
2019-11-20,9,50,68,32,111,1.0,9,63,25,59,46,59,63,良
2019-11-21,13,74,91,44,133,1.0,13,93,25,78,61,71,93,良
2019-11-22,12,96,102,53,130,0.9,12,108,23,75,73,76,108,轻度污染
2019-11-23,11,66,100,58,207,0.9,11,83,23,143,79,75,143,轻度污染
2019-11-24,10,65,80,46,178,0.9,10,81,23,116,64,65,116,轻度污染
2019-11-25,12,71,115,74,169,1.1,12,89,28,108,99,83,108,轻度污染
2019-11-26,12,53,84,48,112,1.1,12,66,28,60,66,67,67,良
2019-11-27,17,60,94,49,138,1.0,17,75,25,82,68,72,82,良
2019-11-28,9,30,38,12,68,0.9,9,38,23,34,17,38,38,优
2019-11-29,9,41,44,18,74,0.8,9,51,20,37,26,44,51,良
2019-11-30,13,57,68,35,150,1.0,13,71,25,92,50,59,92,良
2019-12-01,15,56,77,37,97,1.0,15,70,25,49,53,64,70,良
2019-12-02,10,25,40,16,82,0.8,10,31,20,41,23,40,41,优
2019-12-03,10,41,54,28,100,0.7,10,51,18,50,40,52,52,良
2019-12-04,11,47,60,30,99,0.7,11,59,18,50,43,55,59,良
2019-12-05,12,44,54,24,72,0.6,12,55,15,36,34,52,55,良
2019-12-06,12,33,58,27,107,0.6,12,41,15,56,39,54,56,良
2019-12-07,11,41,51,30,96,0.7,11,51,18,48,43,51,51,良
2019-12-08,11,41,51,30,96,0.7,11,51,18,48,43,51,51,良
2019-12-09,15,86,88,45,63,0.8,15,103,20,32,63,69,103,轻度污染
2019-12-10,16,111,116,66,70,1.1,16,116,28,35,89,83,116,轻度污染
2019-12-11,18,113,120,76,134,1.2,18,117,30,78,101,85,117,轻度污染
2019-12-12,15,87,98,60,135,1.1,15,104,28,79,81,74,104,轻度污染
2019-12-13,14,97,131,75,194,1.3,14,109,33,131,100,91,131,轻度污染
2019-12-14,14,98,125,74,153,1.4,14,109,35,94,99,88,109,轻度污染
2019-12-15,12,61,68,40,55,0.9,12,76,23,28,56,59,76,良
2019-12-16,11,63,61,31,49,1.0,11,79,25,25,44,56,79,良
2019-12-17,8,85,85,41,66,1.2,8,103,30,33,58,68,103,轻度污染
2019-12-18,9,60,70,36,111,1.1,9,75,28,59,51,60,75,良
2019-12-19,8,46,76,49,13,1.3,8,58,33,7,68,63,68,良
2019-12-20,8,48,53,25,59,1.3,8,60,33,30,36,52,60,良
2019-12-21,9,68,73,32,23,1.2,9,85,30,12,46,62,85,良
2019-12-22,12,72,97,49,32,1.3,12,90,33,16,68,74,90,良
2019-12-23,11,61,90,50,67,1.1,11,76,28,34,69,70,76,良
2019-12-24,9,65,66,36,50,0.9,9,81,23,25,51,58,81,良
2019-12-25,10,59,76,43,93,1.1,10,74,28,47,60,63,74,良
2019-12-26,9,57,82,46,56,1.2,9,71,30,28,64,66,71,良
2019-12-27,9,41,42,16,82,1.0,9,51,25,41,23,42,51,良
2019-12-28,13,77,82,46,100,1.1,13,96,28,50,64,66,96,良
2019-12-29,16,115,143,82,91,1.4,16,118,35,46,109,97,118,轻度污染
2019-12-30,12,100,112,80,98,1.2,12,110,30,49,106,81,110,轻度污染
2019-12-31,12,50,60,39,69,0.7,12,63,18,35,55,55,63,良
2020-01-01,13,40,68,43,56,0.7,13,50,18,28,60,59,60,良
2020-01-02,9,53,57,38,48,0.6,9,66,15,24,54,54,66,良
2020-01-03,12,71,88,55,96,0.7,12,89,18,48,75,69,89,良
2020-01-04,12,77,96,69,172,0.9,12,96,23,111,93,73,111,轻度污染
2020-01-05,10,47,52,36,80,0.9,10,59,23,40,51,51,59,良
2020-01-06,11,41,49,20,75,0.6,11,51,15,38,29,49,51,良
2020-01-07,10,53,60,35,122,1.1,10,66,28,68,50,55,68,良
2020-01-08,12,59,70,36,102,1.1,12,74,28,52,51,60,74,良
2020-01-09,10,45,52,23,84,0.9,10,56,23,42,33,51,56,良
2020-01-10,11,51,59,33,76,1.0,11,64,25,38,47,55,64,良
2020-01-11,12,34,58,35,74,1.0,12,43,25,37,50,54,54,良
2020-01-12,9,36,36,13,61,1.1,9,45,28,31,19,36,45,优
2020-01-13,12,64,61,32,47,1.2,12,80,30,24,46,56,80,良
2020-01-14,11,69,80,47,101,1.1,11,86,28,51,65,65,86,良
2020-01-15,10,42,76,30,93,1.1,10,53,28,47,43,63,63,良
2020-01-16,10,42,58,34,88,0.7,10,53,18,44,49,54,54,良
2020-01-17,9,32,26,11,40,1.1,9,40,28,20,16,26,40,优
2020-01-18,12,38,40,24,63,1.0,12,48,25,32,34,40,48,优
2020-01-19,10,36,43,25,19,1.0,10,45,25,10,36,43,45,优
2020-01-20,9,34,36,21,54,0.9,9,43,23,27,30,36,43,优
2020-01-21,7,40,50,32,112,0.9,7,50,23,60,46,50,60,良
2020-01-22,8,23,45,31,128,0.8,8,29,20,73,44,45,73,良
2020-01-23,8,18,34,24,99,0.7,8,23,18,50,34,34,50,优
2020-01-24,8,14,28,19,85,0.6,8,18,15,43,27,28,43,优
2020-01-25,8,11,34,23,49,0.9,8,14,23,25,33,34,34,优
2020-01-26,7,8,11,6,39,1.0,7,10,25,20,9,11,25,优
2020-01-27,7,8,11,5,58,0.7,7,10,18,29,7,11,29,优
2020-01-28,7,7,14,7,76,0.6,7,9,15,38,10,14,38,优
2020-01-29,7,8,24,17,90,0.6,7,10,15,45,24,24,45,优
2020-01-30,8,10,30,23,110,0.5,8,13,13,58,33,30,58,良
2020-01-31,10,19,38,29,120,0.5,10,24,13,67,41,38,67,良
2020-02-01,9,21,41,30,116,0.5,9,26,13,63,43,41,63,良
2020-02-02,10,20,46,32,101,0.5,10,25,13,51,46,46,51,良
2020-02-03,8,25,49,42,56,0.6,8,31,15,28,59,49,59,良
2020-02-04,5,10,11,6,36,0.6,5,13,15,18,9,11,18,优
2020-02-05,6,13,17,11,30,0.7,6,16,18,15,16,17,18,优
2020-02-06,6,9,26,15,83,0.5,6,11,13,42,21,26,42,优
2020-02-07,6,17,27,21,35,0.7,6,21,18,18,30,27,30,优
2020-02-08,6,7,15,8,59,0.6,6,9,15,30,11,15,30,优
2020-02-09,6,7,18,13,81,0.6,6,9,15,41,19,18,41,优
2020-02-10,8,16,28,22,44,0.7,8,20,18,22,31,28,31,优
2020-02-11,6,33,55,48,54,0.8,6,41,20,27,66,53,66,良
2020-02-12,7,24,63,56,66,0.8,7,30,20,33,76,57,76,良
2020-02-13,6,25,25,23,59,0.7,6,31,18,30,33,25,33,优
2020-02-14,6,22,18,12,44,0.6,6,28,15,22,17,18,28,优
2020-02-15,5,15,18,12,40,0.7,5,19,18,20,17,18,20,优
2020-02-16,5,4,5,3,49,0.7,5,5,18,25,4,5,25,优
2020-02-17,5,8,19,9,86,0.6,5,10,15,43,13,19,43,优
2020-02-18,6,17,24,15,102,0.5,6,21,13,52,21,24,52,良
2020-02-19,6,38,39,28,103,0.6,6,48,15,53,40,39,53,良
2020-02-20,7,34,35,26,85,0.6,7,43,15,43,37,35,43,优
2020-02-21,6,36,34,22,98,0.6,6,45,15,49,31,34,49,优
2020-02-22,8,35,52,41,140,0.8,8,44,20,83,58,51,83,良
2020-02-23,8,18,37,26,135,0.6,8,23,15,79,37,37,79,良
2020-02-24,8,15,47,25,101,0.6,8,19,15,51,36,47,51,良
2020-02-25,8,25,39,23,94,0.6,8,31,15,47,33,39,47,优
2020-02-26,7,26,38,21,124,0.7,7,33,18,70,30,38,70,良
2020-02-27,6,17,25,17,83,0.6,6,21,15,42,24,25,42,优
2020-02-28,6,26,37,23,84,0.7,6,33,18,42,33,37,42,优
2020-02-29,7,29,39,25,94,0.7,7,36,18,47,36,39,47,优
2020-03-01,8,18,35,22,92,0.7,8,23,18,46,31,35,46,优
2020-03-02,8,24,30,18,74,0.7,8,30,18,37,26,30,37,优
2020-03-03,6,25,34,18,73,0.6,6,31,15,37,26,34,37,优
2020-03-04,5,28,13,10,46,0.7,5,35,18,23,14,13,35,优
2020-03-05,6,30,25,14,46,0.8,6,38,20,23,20,25,38,优
2020-03-06,6,25,35,23,64,0.6,6,31,15,32,33,35,35,优
2020-03-07,6,40,49,27,43,0.5,6,50,13,22,39,49,50,优
2020-03-08,5,20,28,15,55,0.4,5,25,10,28,21,28,28,优
2020-03-09,5,22,32,15,49,0.5,5,28,13,25,21,32,32,优
2020-03-10,5,14,21,11,98,0.7,5,18,18,49,16,21,49,优
2020-03-11,7,37,46,28,63,0.6,7,46,15,32,40,46,46,优
2020-03-12,5,34,50,25,52,0.6,5,43,15,26,36,50,50,优
2020-03-13,4,35,49,28,33,0.7,4,44,18,17,40,49,49,优
2020-03-14,4,16,35,20,109,0.7,4,20,18,58,29,35,58,良
2020-03-15,6,25,61,38,135,0.6,6,31,15,79,54,56,79,良
2020-03-16,5,26,56,27,110,0.5,5,33,13,58,39,53,58,良
2020-03-17,6,44,62,29,65,0.5,6,55,13,33,41,56,56,良
2020-03-18,6,59,51,34,52,0.7,6,74,18,26,49,51,74,良
2020-03-19,5,56,36,25,31,0.7,5,70,18,16,36,36,70,良
2020-03-20,7,61,54,40,18,0.8,7,76,20,9,56,52,76,良
2020-03-21,4,29,40,26,43,0.7,4,36,18,22,37,40,40,优
2020-03-22,6,25,44,25,88,0.6,6,31,15,44,36,44,44,优
2020-03-23,6,25,40,22,96,0.7,6,31,18,48,31,40,48,优
2020-03-24,4,25,45,25,93,0.6,4,31,15,47,36,45,47,优
2020-03-25,4,19,40,19,83,0.5,4,24,13,42,27,40,42,优
2020-03-26,3,21,35,20,51,0.5,3,26,13,26,29,35,35,优
2020-03-27,2,21,33,16,45,0.5,2,26,13,23,23,33,33,优
2020-03-28,2,30,23,12,36,0.6,2,38,15,18,17,23,38,优
2020-03-29,3,32,40,16,47,0.6,3,40,15,24,23,40,40,优
2020-03-30,3,27,16,9,4,0.7,3,34,18,2,13,16,34,优
2020-03-31,4,24,23,13,2,0.6,4,30,15,1,19,23,30,优
2020-04-01,6,30,30,12,3,0.6,6,38,15,2,17,30,38,优
2020-04-02,7,41,82,36,3,0.8,7,51,20,2,51,66,66,良
2020-04-03,6,37,39,23,4,0.8,6,46,20,2,33,39,46,优
2020-04-04,6,30,22,12,24,0.7,6,38,18,12,17,22,38,优
2020-04-05,6,32,18,14,34,0.6,6,40,15,17,20,18,40,优
2020-04-06,6,38,17,12,4,0.6,6,48,15,2,17,17,48,优
2020-04-07,7,46,38,21,33,0.7,7,58,18,17,30,38,58,良
2020-04-08,12,67,74,47,88,1.0,12,84,25,44,65,62,84,良
2020-04-09,12,61,77,49,211,0.9,12,76,23,146,68,64,146,轻度污染
2020-04-10,11,51,58,26,114,0.6,11,64,15,62,37,54,64,良
2020-04-11,10,45,66,34,64,0.7,10,56,18,32,49,58,58,良
2020-04-12,10,19,27,8,112,0.6,10,24,15,60,11,27,60,良
2020-04-13,11,38,45,22,126,0.5,11,48,13,72,31,45,72,良
2020-04-14,19,73,79,53,174,0.8,19,91,20,113,73,65,113,轻度污染
2020-04-15,17,65,100,66,217,0.8,17,81,20,152,89,75,152,中度污染
2020-04-16,12,26,57,34,140,0.6,12,33,15,83,49,54,83,良
2020-04-17,11,35,52,24,95,0.6,11,44,15,48,34,51,51,良
2020-04-18,10,25,53,25,95,0.6,10,31,15,48,36,52,52,良
2020-04-19,10,25,51,23,82,0.6,10,31,15,41,33,51,51,良
2020-04-20,7,20,37,15,78,0.7,7,25,18,39,21,37,39,优
2020-04-21,2,15,33,14,68,0.7,2,19,18,34,20,33,34,优
2020-04-22,3,29,19,8,27,0.9,3,36,23,14,11,19,36,优
2020-04-23,4,32,24,9,28,0.9,4,40,23,14,13,24,40,优
2020-04-24,5,31,29,12,53,0.7,5,39,18,27,17,29,39,优
2020-04-25,9,49,57,38,92,0.8,9,61,20,46,54,54,61,良
2020-04-26,11,39,63,43,154,0.8,11,49,20,95,60,57,95,良
2020-04-27,12,48,69,39,177,0.8,12,60,20,115,55,60,115,轻度污染
2020-04-28,12,38,70,40,237,0.7,12,48,18,172,56,60,172,中度污染
2020-04-29,8,21,55,21,147,0.5,8,26,13,89,30,53,89,良
2020-04-30,9,27,56,24,156,0.6,9,34,15,97,34,53,97,良
2020-05-01,8,14,37,16,97,0.6,8,18,15,49,23,37,49,优
2020-05-02,9,13,38,17,91,0.6,9,16,15,46,24,38,46,优
2020-05-03,7,11,35,14,118,0.6,7,14,15,65,20,35,65,良
2020-05-04,5,9,28,12,112,0.5,5,11,13,60,17,28,60,良
2020-05-05,4,9,34,7,84,0.5,4,11,13,42,10,34,42,优
2020-05-06,3,11,22,7,63,0.5,3,14,13,32,10,22,32,优
2020-05-07,3,8,20,5,56,0.5,3,10,13,28,7,20,28,优
2020-05-08,3,8,18,4,51,0.5,3,10,13,26,6,18,26,优
2020-05-09,2,11,23,6,59,0.5,2,14,13,30,9,23,30,优
2020-05-10,2,17,25,8,86,0.6,2,21,15,43,11,25,43,优
2020-05-11,3,40,44,23,159,0.8,3,50,20,99,33,44,99,良
2020-05-12,3,29,41,21,118,0.9,3,36,23,65,30,41,65,良
2020-05-13,4,29,65,43,141,1.0,4,36,25,84,60,58,84,良
2020-05-14,2,18,41,22,87,0.7,2,23,18,44,31,41,44,优
2020-05-15,2,13,34,13,85,0.7,2,16,18,43,19,34,43,优
2020-05-16,3,21,32,11,104,0.6,3,26,15,53,16,32,53,良
2020-05-17,2,27,34,18,120,0.7,2,34,18,67,26,34,67,良
2020-05-18,4,32,32,16,104,0.8,4,40,20,53,23,32,53,良
2020-05-19,5,35,42,24,191,0.8,5,44,20,128,34,42,128,轻度污染
2020-05-20,4,28,28,15,75,0.6,4,35,15,38,21,28,38,优
2020-05-21,3,28,29,16,94,0.7,3,35,18,47,23,29,47,优
2020-05-22,2,29,21,12,94,0.8,2,36,20,47,17,21,47,优
2020-05-23,6,37,38,20,146,0.8,6,46,20,88,29,38,88,良
2020-05-24,6,30,32,16,84,0.7,6,38,18,42,23,32,42,优
2020-05-25,5,32,28,12,59,0.7,5,40,18,30,17,28,40,优
2020-05-26,4,20,30,15,121,0.7,4,25,18,68,21,30,68,良
2020-05-27,4,36,37,22,79,0.9,4,45,23,40,31,37,45,优
2020-05-28,6,65,67,37,105,1.0,6,81,25,54,53,59,81,良
2020-05-29,3,24,36,21,78,0.7,3,30,18,39,30,36,39,优
2020-05-30,3,34,29,13,72,0.7,3,43,18,36,19,29,43,优
2020-05-31,3,34,30,14,46,0.7,3,43,18,23,20,30,43,优
2020-06-01,4,34,29,13,24,0.8,4,43,20,12,19,29,43,优
2020-06-02,7,32,24,9,18,0.8,7,40,20,9,13,24,40,优
2020-06-03,6,19,29,11,56,0.7,6,24,18,28,16,29,29,优
2020-06-04,6,14,22,5,50,0.5,6,18,13,25,7,22,25,优
2020-06-05,6,21,21,7,56,0.6,6,26,15,28,10,21,28,优
2020-06-06,5,37,28,12,71,0.7,5,46,18,36,17,28,46,优
2020-06-07,4,30,28,14,30,0.7,4,38,18,15,20,28,38,优
2020-06-08,5,24,29,11,38,0.7,5,30,18,19,16,29,30,优
2020-06-09,6,20,26,9,61,0.6,6,25,15,31,13,26,31,优
2020-06-10,9,30,29,9,76,0.7,9,38,18,38,13,29,38,优
2020-06-11,9,14,22,6,91,0.5,9,18,13,46,9,22,46,优
2020-06-12,9,18,21,6,98,0.5,9,23,13,49,9,21,49,优
2020-06-13,9,30,31,9,110,0.5,9,38,13,58,13,31,58,良
2020-06-14,7,14,12,3,57,0.5,7,18,13,29,4,12,29,优
2020-06-15,7,18,23,4,66,0.5,7,23,13,33,6,23,33,优
2020-06-16,7,14,18,3,54,0.4,7,18,10,27,4,18,27,优
2020-06-17,7,12,16,3,59,0.4,7,15,10,30,4,16,30,优
2020-06-18,8,13,19,4,56,0.4,8,16,10,28,6,19,28,优
2020-06-19,7,12,18,3,63,0.4,7,15,10,32,4,18,32,优
2020-06-20,8,11,19,4,75,0.4,8,14,10,38,6,19,38,优
2020-06-21,8,10,18,4,56,0.4,8,13,10,28,6,18,28,优
2020-06-22,6,10,23,4,66,0.4,6,13,10,33,6,23,33,优
2020-06-23,5,11,25,7,80,0.4,5,14,10,40,10,25,40,优
2020-06-24,5,12,25,7,76,0.5,5,15,13,38,10,25,38,优
2020-06-25,3,4,21,5,48,0.4,3,5,10,24,7,21,24,优
2020-06-26,4,5,21,4,52,0.4,4,6,10,26,6,21,26,优
2020-06-27,4,6,15,3,54,0.4,4,8,10,27,4,15,27,优
2020-06-28,5,8,17,4,60,0.4,5,10,10,30,6,17,30,优
2020-06-29,5,12,20,4,90,0.4,5,15,10,45,6,20,45,优
2020-06-30,5,13,22,6,116,0.4,5,16,10,63,9,22,63,良
2020-07-01,4,15,18,3,54,0.3,4,19,8,27,4,18,27,优
2020-07-02,4,12,17,4,70,0.4,4,15,10,35,6,17,35,优
2020-07-03,3,22,23,8,43,0.5,3,28,13,22,11,23,28,优
2020-07-04,3,23,23,7,35,0.5,3,29,13,18,10,23,29,优
2020-07-05,3,14,22,6,68,0.4,3,18,10,34,9,22,34,优
2020-07-06,5,12,20,5,75,0.5,5,15,13,38,7,20,38,优
2020-07-07,6,14,24,5,71,0.5,6,18,13,36,7,24,36,优
2020-07-08,7,14,27,8,68,0.5,7,18,13,34,11,27,34,优
2020-07-09,6,12,28,9,74,0.5,6,15,13,37,13,28,37,优
2020-07-10,6,10,27,6,59,0.5,6,13,13,30,9,27,30,优
2020-07-11,6,7,24,6,67,0.5,6,9,13,34,9,24,34,优
2020-07-12,6,7,20,3,72,0.5,6,9,13,36,4,20,36,优
2020-07-13,7,14,22,7,109,0.5,7,18,13,58,10,22,58,良
2020-07-14,8,16,30,9,164,0.5,8,20,13,104,13,30,104,轻度污染
2020-07-15,7,11,22,6,105,0.5,7,14,13,54,9,22,54,良
2020-07-16,8,11,19,4,72,0.4,8,14,10,36,6,19,36,优
2020-07-17,7,11,19,3,52,0.5,7,14,13,26,4,19,26,优
2020-07-18,9,11,19,3,64,0.5,9,14,13,32,4,19,32,优
2020-07-19,9,10,18,3,70,0.5,9,13,13,35,4,18,35,优
2020-07-20,6,9,17,3,69,0.5,6,11,13,35,4,17,35,优
2020-07-21,4,10,18,5,98,0.5,4,13,13,49,7,18,49,优
2020-07-22,4,16,21,7,98,0.5,4,20,13,49,10,21,49,优
2020-07-23,5,13,23,6,128,0.5,5,16,13,73,9,23,73,良
2020-07-24,6,14,27,7,137,0.5,6,18,13,81,10,27,81,良
2020-07-25,6,12,25,8,130,0.5,6,15,13,75,11,25,75,良
2020-07-26,6,9,22,6,101,0.5,6,11,13,51,9,22,51,良
2020-07-27,5,9,22,3,73,0.5,5,11,13,37,4,22,37,优
2020-07-28,5,14,22,6,84,0.5,5,18,13,42,9,22,42,优
2020-07-29,5,22,27,8,115,0.5,5,28,13,63,11,27,63,良
2020-07-30,5,29,32,12,124,0.6,5,36,15,70,17,32,70,良
2020-07-31,6,26,22,8,42,0.6,6,33,15,21,11,22,33,优
2020-08-01,4,20,14,3,34,0.5,4,25,13,17,4,14,25,优
2020-08-02,4,20,14,3,34,0.5,4,25,13,17,4,14,25,优
2020-08-03,3,25,15,5,38,0.7,3,31,18,19,7,15,31,优
2020-08-04,4,21,19,6,84,0.7,4,26,18,42,9,19,42,优
2020-08-05,3,22,14,3,19,0.7,3,28,18,10,4,14,28,优
2020-08-06,4,19,18,6,79,0.6,4,24,15,40,9,18,40,优
2020-08-07,4,17,25,7,58,0.6,4,21,15,29,10,25,29,优
2020-08-08,4,17,23,6,88,0.5,4,21,13,44,9,23,44,优
2020-08-09,7,13,27,10,140,0.6,7,16,15,83,14,27,83,良
2020-08-10,6,12,22,8,115,0.5,6,15,13,63,11,22,63,良
2020-08-11,4,12,20,4,59,0.6,4,15,15,30,6,20,30,优
2020-08-12,2,18,14,4,41,0.5,2,23,13,21,6,14,23,优
2020-08-13,3,15,16,4,35,0.5,3,19,13,18,6,16,19,优
2020-08-14,4,20,22,8,54,0.6,4,25,15,27,11,22,27,优
2020-08-15,5,19,24,7,64,0.6,5,24,15,32,10,24,32,优
2020-08-16,5,17,20,6,76,0.5,5,21,13,38,9,20,38,优
2020-08-17,5,31,34,15,43,0.6,5,39,15,22,21,34,39,优
2020-08-18,5,31,29,13,78,0.5,5,39,13,39,19,29,39,优
2020-08-19,4,14,13,3,43,0.4,4,18,10,22,4,13,22,优
2020-08-20,5,19,25,10,62,0.5,5,24,13,31,14,25,31,优
2020-08-21,8,28,51,28,198,0.6,8,35,15,135,40,51,135,轻度污染
2020-08-22,7,21,54,37,218,0.6,7,26,15,153,53,52,153,中度污染
2020-08-23,8,17,42,26,180,0.5,8,21,13,118,37,42,118,轻度污染
2020-08-24,7,13,32,17,126,0.4,7,16,10,72,24,32,72,良
2020-08-25,8,12,27,11,112,0.5,8,15,13,60,16,27,60,良
2020-08-26,7,16,24,10,92,0.5,7,20,13,46,14,24,46,优
2020-08-27,7,31,37,23,169,0.6,7,39,15,108,33,37,108,轻度污染
2020-08-28,8,30,47,33,201,0.7,8,38,18,137,47,47,137,轻度污染
2020-08-29,9,29,53,42,186,0.7,9,36,18,124,59,52,124,轻度污染
2020-08-30,7,24,59,42,188,0.8,7,30,20,125,59,55,125,轻度污染
2020-08-31,6,24,47,32,156,0.7,6,30,18,97,46,47,97,良
2020-09-01,10,34,56,40,178,0.8,10,43,20,116,56,53,116,轻度污染
2020-09-02,10,38,70,50,206,0.9,10,48,23,142,69,60,142,轻度污染
2020-09-03,10,37,79,54,223,0.9,10,46,23,158,74,65,158,中度污染
2020-09-04,8,26,60,45,136,0.9,8,33,23,80,63,55,80,良
2020-09-05,6,35,36,25,84,0.7,6,44,18,42,36,36,44,优
2020-09-06,8,32,39,27,166,0.6,8,40,15,105,39,39,105,轻度污染
2020-09-07,6,25,25,10,53,0.6,6,31,15,27,14,25,31,优
2020-09-08,5,32,21,7,44,0.6,5,40,15,22,10,21,40,优
2020-09-09,8,39,29,14,57,0.7,8,49,18,29,20,29,49,优
2020-09-10,8,28,32,15,84,0.6,8,35,15,42,21,32,42,优
2020-09-11,8,27,27,9,60,0.6,8,34,15,30,13,27,34,优
2020-09-12,6,29,25,12,143,0.6,6,36,15,86,17,25,86,良
2020-09-13,6,34,32,20,158,0.7,6,43,18,98,29,32,98,良
2020-09-14,5,30,28,17,111,0.7,5,38,18,59,24,28,59,良
2020-09-15,6,49,30,18,25,0.8,6,61,20,13,26,30,61,良
2020-09-16,9,31,34,13,54,0.7,9,39,18,27,19,34,39,优
2020-09-17,7,25,29,8,76,0.6,7,31,15,38,11,29,38,优
2020-09-18,6,30,23,8,34,0.6,6,38,15,17,11,23,38,优
2020-09-19,5,28,18,6,27,0.6,5,35,15,14,9,18,35,优
2020-09-20,6,24,27,10,87,0.6,6,30,15,44,14,27,44,优
2020-09-21,6,24,23,7,60,0.5,6,30,13,30,10,23,30,优
2020-09-22,6,20,28,11,92,0.6,6,25,15,46,16,28,46,优
2020-09-23,6,29,31,14,96,0.6,6,36,15,48,20,31,48,优
2020-09-24,7,34,35,14,108,0.8,7,43,20,57,20,35,57,良
2020-09-25,8,42,44,19,120,0.8,8,53,20,67,27,44,67,良
2020-09-26,7,48,43,29,90,0.7,7,60,18,45,41,43,60,良
2020-09-27,7,47,39,20,50,0.8,7,59,20,25,29,39,59,良
2020-09-28,8,51,51,28,115,0.7,8,64,18,63,40,51,64,良
2020-09-29,10,44,53,31,118,0.8,10,55,20,65,44,52,65,良
2020-09-30,8,33,34,19,106,0.7,8,41,18,55,27,34,55,良
2020-10-01,8,18,27,13,138,0.6,8,23,15,82,19,27,82,良
2020-10-02,8,14,37,18,155,0.5,8,18,13,96,26,37,96,良
2020-10-03,6,25,40,18,125,0.6,6,31,15,71,26,40,71,良
2020-10-04,6,24,51,30,182,0.7,6,30,18,120,43,51,120,轻度污染
2020-10-05,6,26,43,23,65,0.8,6,33,20,33,33,43,43,优
2020-10-06,5,24,33,13,80,0.7,5,30,18,40,19,33,40,优
2020-10-07,5,19,26,11,72,0.6,5,24,15,36,16,26,36,优
2020-10-08,5,19,26,10,70,0.6,5,24,15,35,14,26,35,优
2020-10-09,7,22,41,22,109,0.6,7,28,15,58,31,41,58,良
2020-10-10,8,39,56,29,151,0.6,8,49,15,93,41,53,93,良
2020-10-11,9,50,66,36,174,0.7,9,63,18,113,51,58,113,轻度污染
2020-10-12,10,43,64,34,154,0.6,10,54,15,95,49,57,95,良
2020-10-13,9,34,53,25,76,0.6,9,43,15,38,36,52,52,良
2020-10-14,8,47,40,19,54,0.6,8,59,15,27,27,40,59,良
2020-10-15,10,45,54,25,140,0.6,10,56,15,83,36,52,83,良
2020-10-16,11,33,48,22,97,0.6,11,41,15,49,31,48,49,优
2020-10-17,8,23,29,11,74,0.6,8,29,15,37,16,29,37,优
2020-10-18,8,20,28,11,98,0.6,8,25,15,49,16,28,49,优
2020-10-19,7,21,27,10,94,0.6,7,26,15,47,14,27,47,优
2020-10-20,6,21,35,16,115,0.6,6,26,15,63,23,35,63,良
2020-10-21,8,21,37,18,100,0.6,8,26,15,50,26,37,50,优
2020-10-22,8,22,38,15,96,0.6,8,28,15,48,21,38,48,优
2020-10-23,10,39,71,26,108,0.6,10,49,15,57,37,61,61,良
2020-10-24,11,42,72,25,104,0.5,11,53,13,53,36,61,61,良
2020-10-25,16,64,86,34,169,0.7,16,80,18,108,49,68,108,轻度污染
2020-10-26,11,73,85,41,188,0.8,11,91,20,125,58,68,125,轻度污染
2020-10-27,10,66,81,45,166,0.8,10,83,20,105,63,66,105,轻度污染
2020-10-28,9,67,78,43,92,0.9,9,84,23,46,60,64,84,良
2020-10-29,5,48,49,43,53,0.9,5,60,23,27,60,49,60,良
2020-10-30,6,44,54,39,61,0.9,6,55,23,31,55,52,55,良
2020-10-31,10,54,71,49,126,0.9,10,68,23,72,68,61,72,良
2020-11-01,10,56,81,51,190,1.0,10,70,25,127,70,66,127,轻度污染
2020-11-02,7,42,69,47,124,0.9,7,53,23,70,65,60,70,良
2020-11-03,6,26,43,23,101,0.8,6,33,20,51,33,43,51,良
2020-11-04,10,52,78,45,105,0.9,10,65,23,54,63,64,65,良
2020-11-05,11,71,90,51,184,1.0,11,89,25,122,70,70,122,轻度污染
2020-11-06,10,59,84,46,160,1.0,10,74,25,100,64,67,100,良
2020-11-07,12,42,69,37,148,1.0,12,53,25,90,53,60,90,良
2020-11-08,12,24,63,32,148,0.8,12,30,20,90,46,57,90,良
2020-11-09,12,33,78,30,138,0.8,12,41,20,82,43,64,82,良
2020-11-10,12,52,85,39,146,0.9,12,65,23,88,55,68,88,良
2020-11-11,14,68,78,35,117,0.8,14,85,20,64,50,64,85,良
2020-11-12,13,71,75,34,122,0.8,13,89,20,68,49,63,89,良
2020-11-13,12,62,63,28,102,0.8,12,78,20,52,40,57,78,良
2020-11-14,11,38,58,25,75,0.7,11,48,18,38,36,54,54,良
2020-11-15,10,48,54,31,33,0.8,10,60,20,17,44,52,60,良
2020-11-16,9,47,66,43,125,0.9,9,59,23,71,60,58,71,良
2020-11-17,5,41,46,19,67,0.6,5,51,15,34,27,46,51,良
2020-11-18,5,48,60,26,106,0.7,5,60,18,55,37,55,60,良
2020-11-19,6,39,47,22,114,0.8,6,49,20,62,31,47,62,良
2020-11-20,5,38,54,31,160,0.8,5,48,20,100,44,52,100,良
2020-11-21,5,38,54,31,160,0.8,5,48,20,100,44,52,100,良
2020-11-22,4,39,49,26,150,0.7,4,49,18,92,37,49,92,良
2020-11-23,5,45,63,28,20,0.9,5,56,23,10,40,57,57,良
2020-11-24,6,42,58,28,111,0.8,6,53,20,59,40,54,59,良
2020-11-25,7,69,63,30,134,0.8,7,86,20,78,43,57,86,良
2020-11-26,8,49,68,37,107,0.7,8,61,18,56,53,59,61,良
2020-11-27,6,32,38,15,82,0.7,6,40,18,41,21,38,41,优
2020-11-28,6,23,31,14,88,0.6,6,29,15,44,20,31,44,优
2020-11-29,6,25,33,14,70,0.7,6,31,18,35,20,33,35,优
2020-11-30,6,27,37,17,83,0.7,6,34,18,42,24,37,42,优
2020-12-01,7,34,41,21,78,0.6,7,43,15,39,30,41,43,优
2020-12-02,7,31,40,21,75,0.5,7,39,13,38,30,40,40,优
2020-12-03,6,26,36,20,64,0.4,6,33,10,32,29,36,36,优
2020-12-04,7,27,37,20,66,0.5,7,34,13,33,29,37,37,优
2020-12-05,8,36,48,29,71,0.6,8,45,15,36,41,48,48,优
2020-12-06,10,52,69,46,92,0.7,10,65,18,46,64,60,65,良
2020-12-07,13,60,81,51,88,0.8,13,75,20,44,70,66,75,良
2020-12-08,11,45,65,42,82,0.7,11,56,18,41,59,58,59,良
2020-12-09,10,64,71,45,46,0.7,10,80,18,23,63,61,80,良
2020-12-10,13,68,84,49,75,0.8,13,85,20,38,68,67,85,良
2020-12-11,14,71,84,48,71,0.9,14,89,23,36,66,67,89,良
2020-12-12,13,65,89,55,68,1.0,13,81,25,34,75,70,81,良
2020-12-13,11,65,97,65,43,0.9,11,81,23,22,88,74,88,良
2020-12-14,6,39,34,22,25,1.0,6,49,25,13,31,34,49,优
2020-12-15,3,28,20,7,30,0.7,3,35,18,15,10,20,35,优
2020-12-16,3,32,28,14,32,0.6,3,40,15,16,20,28,40,优
2020-12-17,4,35,38,21,13,0.6,4,44,15,7,30,38,44,优
2020-12-18,5,34,45,22,26,0.7,5,43,18,13,31,45,45,优
2020-12-19,6,27,43,26,49,0.6,6,34,15,25,37,43,43,优
2020-12-20,8,27,51,37,91,0.6,8,34,15,46,53,51,53,良
2020-12-21,8,38,64,50,85,0.7,8,48,18,43,69,57,69,良
2020-12-22,8,64,79,52,62,0.8,8,80,20,31,71,65,80,良
2020-12-23,9,75,94,53,44,1.0,9,94,25,22,73,72,94,良
2020-12-24,6,40,58,35,38,0.7,6,50,18,19,50,54,54,良
2020-12-25,8,48,78,49,26,0.9,8,60,23,13,68,64,68,良
2020-12-26,8,48,93,54,85,0.9,8,60,23,43,74,72,74,良
2020-12-27,8,86,116,75,173,1.2,8,103,30,112,100,83,112,轻度污染
2020-12-28,8,75,85,62,129,1.1,8,94,28,74,84,68,94,良
2020-12-29,8,51,76,48,129,1.0,8,64,25,74,66,63,74,良
2020-12-30,6,15,50,12,129,1.0,6,19,25,74,17,50,74,良
2020-12-31,6,24,38,18,129,0.7,6,30,18,74,26,38,74,良
2021-01-01,6,32,37,18,64,0.7,6,40,18,32,26,37,40,优
2021-01-02,9,55,53,26,62,0.9,9,69,23,31,37,52,69,良
2021-01-03,11,81,101,55,60,1.3,11,101,33,30,75,76,101,轻度污染
2021-01-04,12,71,73,35,61,0.9,12,89,23,31,50,62,89,良
2021-01-05,15,64,81,42,98,1.0,15,80,25,49,59,66,80,良
2021-01-06,12,53,76,47,93,1.0,12,66,25,47,65,63,66,良
2021-01-07,9,37,63,47,43,1.1,9,46,28,22,65,57,65,良
2021-01-08,7,21,40,31,48,1.0,7,26,25,24,44,40,44,优
2021-01-09,8,36,47,18,44,0.9,8,45,23,22,26,47,47,优
2021-01-10,10,43,49,21,36,0.9,10,54,23,18,30,49,54,良
2021-01-11,9,29,43,26,51,0.8,9,36,20,26,37,43,43,优
2021-01-12,11,51,65,38,68,0.8,11,64,20,34,54,58,64,良
2021-01-13,11,89,93,58,36,1.2,11,105,30,18,79,72,105,轻度污染
2021-01-14,13,132,124,93,78,1.5,13,126,38,39,123,87,126,轻度污染
2021-01-15,12,117,124,97,146,1.4,12,119,35,88,128,87,128,轻度污染
2021-01-16,10,92,99,75,120,1.3,10,106,33,67,100,75,106,轻度污染
2021-01-17,11,33,106,53,102,0.9,11,41,23,52,73,78,78,良
2021-01-18,11,46,95,44,84,0.9,11,58,23,42,61,73,73,良
2021-01-19,13,87,122,76,142,1.2,13,104,30,85,101,86,104,轻度污染
2021-01-20,13,98,108,59,107,1.2,13,109,30,56,80,79,109,轻度污染
2021-01-21,13,88,103,84,83,1.3,13,104,33,42,111,77,111,轻度污染
2021-01-22,8,49,42,28,48,1.1,8,61,28,24,40,42,61,良
2021-01-23,8,53,63,43,96,1.3,8,66,33,48,60,57,66,良
2021-01-24,9,46,62,43,108,1.2,9,58,30,57,60,56,60,良
2021-01-25,8,54,59,35,131,1.1,8,68,28,76,50,55,76,良
2021-01-26,5,48,62,45,120,0.8,5,60,20,67,63,56,67,良
2021-01-27,5,53,65,44,118,0.9,5,66,23,65,61,58,66,良
2021-01-28,5,35,57,42,84,1.0,5,44,25,42,59,54,59,良
2021-01-29,5,32,39,22,135,0.7,5,40,18,79,31,39,79,良
2021-01-30,6,51,76,41,151,0.7,6,64,18,93,58,63,93,良
2021-01-31,6,43,54,27,146,0.6,6,54,15,88,39,52,88,良
2021-02-01,5,49,49,24,128,0.7,5,61,18,73,34,49,73,良
2021-02-02,5,38,52,27,167,0.7,5,48,18,106,39,51,106,轻度污染
2021-02-03,4,21,46,26,144,0.7,4,26,18,87,37,46,87,良
2021-02-04,5,34,58,30,163,0.7,5,43,18,103,43,54,103,轻度污染
2021-02-05,5,31,44,23,137,0.6,5,39,15,81,33,44,81,良
2021-02-06,7,34,48,30,149,0.8,7,43,20,91,43,48,91,良
2021-02-07,6,34,42,28,151,0.7,6,43,18,93,40,42,93,良
2021-02-08,6,25,47,30,140,0.7,6,31,18,83,43,47,83,良
2021-02-09,4,19,43,28,78,0.7,4,24,18,39,40,43,43,优
2021-02-10,4,12,10,6,41,0.8,4,15,20,21,9,10,21,优
2021-02-11,4,10,16,8,72,0.7,4,13,18,36,11,16,36,优
2021-02-12,8,10,39,28,89,0.6,8,13,15,45,40,39,45,优
2021-02-13,8,15,40,29,102,0.6,8,19,15,52,41,40,52,良
2021-02-14,8,17,40,32,111,0.6,8,21,15,59,46,40,59,良
2021-02-15,6,13,36,28,128,0.6,6,16,15,73,40,36,73,良
2021-02-16,5,16,38,25,107,0.6,5,20,15,56,36,38,56,良
2021-02-17,4,9,26,18,102,0.7,4,11,18,52,26,26,52,良
2021-02-18,5,16,37,18,114,0.5,5,20,13,62,26,37,62,良
2021-02-19,5,24,59,37,152,0.7,5,30,18,93,53,55,93,良
2021-02-20,9,20,52,36,159,0.7,9,25,18,99,51,51,99,良
2021-02-21,7,21,46,33,153,0.7,7,26,18,94,47,46,94,良
2021-02-22,7,27,49,36,200,0.8,7,34,20,136,51,49,136,轻度污染
2021-02-23,7,34,45,33,195,0.8,7,43,20,132,47,45,132,轻度污染
2021-02-24,5,17,39,21,120,0.6,5,21,15,67,30,39,67,良
2021-02-25,5,25,31,17,68,0.6,5,31,15,34,24,31,34,优
2021-02-26,4,36,33,21,28,0.9,4,45,23,14,30,33,45,优
2021-02-27,4,27,28,14,21,0.9,4,34,23,11,20,28,34,优
2021-02-28,6,50,52,29,45,1.1,6,63,28,23,41,51,63,良
2021-03-01,5,57,71,43,85,1.2,5,71,30,43,60,61,71,良
2021-03-02,5,22,23,10,65,1.0,5,28,25,33,14,23,33,优
2021-03-03,6,44,48,23,36,1.0,6,55,25,18,33,48,55,良
2021-03-04,4,44,63,42,6,1.3,4,55,33,3,59,57,59,良
2021-03-05,4,43,57,40,18,1.1,4,54,28,9,56,54,56,良
2021-03-06,4,43,32,21,36,0.9,4,54,23,18,30,32,54,良
2021-03-07,4,32,30,15,36,1.2,4,40,30,18,21,30,40,优
2021-03-08,4,52,52,28,22,1.1,4,65,28,11,40,51,65,良
2021-03-09,5,50,66,42,125,0.9,5,63,23,71,59,58,71,良
2021-03-10,5,28,54,31,111,0.8,5,35,20,59,44,52,59,良
2021-03-11,5,36,45,23,102,0.7,5,45,18,52,33,45,52,良
2021-03-12,6,49,72,48,206,0.9,6,61,23,142,66,61,142,轻度污染
2021-03-13,5,46,56,40,136,0.9,5,58,23,80,56,53,80,良
2021-03-14,5,31,56,39,157,0.9,5,39,23,98,55,53,98,良
2021-03-15,5,26,45,28,125,0.7,5,33,18,71,40,45,71,良
2021-03-16,5,29,50,29,111,0.7,5,36,18,59,41,50,59,良
2021-03-17,4,33,50,27,95,0.7,4,41,18,48,39,50,50,优
2021-03-18,4,28,40,25,66,0.6,4,35,15,33,36,40,40,优
2021-03-19,4,25,35,16,77,0.6,4,31,15,39,23,35,39,优
2021-03-20,4,25,45,26,136,0.7,4,31,18,80,37,45,80,良
2021-03-21,3,23,33,17,55,0.9,3,29,23,28,24,33,33,优
2021-03-22,3,21,77,29,83,0.8,3,26,20,42,41,64,64,良
2021-03-23,7,57,128,41,40,0.9,7,71,23,20,58,89,89,良
2021-03-24,4,61,94,49,78,1.0,4,76,25,39,68,72,76,良
2021-03-25,7,70,100,56,185,1.1,7,88,28,123,76,75,123,轻度污染
2021-03-26,5,25,51,20,120,0.6,5,31,15,67,29,51,67,良
2021-03-27,4,34,56,23,105,0.8,4,43,20,54,33,53,54,良
2021-03-28,6,34,58,28,119,0.9,6,43,23,66,40,54,66,良
2021-03-29,3,19,34,12,56,0.7,3,24,18,28,17,34,34,优
2021-03-30,2,12,30,10,80,0.7,2,15,18,40,14,30,40,优
2021-03-31,1,12,27,9,55,0.6,1,15,15,28,13,27,28,优
2021-04-01,2,12,25,7,51,0.6,2,15,15,26,10,25,26,优
2021-04-02,4,17,29,12,61,0.7,4,21,18,31,17,29,31,优
2021-04-03,7,25,40,18,88,0.8,7,31,20,44,26,40,44,优
2021-04-04,4,25,49,21,47,1.0,4,31,25,24,30,49,49,优
2021-04-05,4,32,52,28,67,1.1,4,40,28,34,40,51,51,良
2021-04-06,6,43,82,49,259,1.2,6,54,30,194,68,66,194,中度污染
2021-04-07,4,23,48,27,122,0.9,4,29,23,68,39,48,68,良
2021-04-08,3,36,33,15,67,0.9,3,45,23,34,21,33,45,优
2021-04-09,4,41,35,18,51,1.1,4,51,28,26,26,35,51,良
2021-04-10,5,48,56,28,130,1.0,5,60,25,75,40,53,75,良
2021-04-11,5,24,40,16,151,0.7,5,30,18,93,23,40,93,良
2021-04-12,4,31,44,17,107,0.8,4,39,20,56,24,44,56,良
2021-04-13,6,25,44,20,153,1.0,6,31,25,94,29,44,94,良
2021-04-14,4,18,34,465,83,0.7,4,23,18,42,477,34,477,严重污染
2021-04-15,3,25,32,15,65,0.4,3,31,10,33,21,32,33,优
2021-04-16,3,44,33,17,42,0.7,3,55,18,21,24,33,55,良
2021-04-17,3,41,33,16,28,0.8,3,51,20,14,23,33,51,良
2021-04-18,3,30,83,37,146,0.6,3,38,15,88,53,67,88,良
2021-04-19,4,33,103,39,141,0.5,4,41,13,84,55,77,84,良
2021-04-20,6,42,70,32,148,0.6,6,53,15,90,46,60,90,良
2021-04-21,7,30,61,23,163,0.5,7,38,13,103,33,56,103,轻度污染
2021-04-22,8,30,64,29,156,0.6,8,38,15,97,41,57,97,良
2021-04-23,8,26,62,33,193,0.7,8,33,18,130,47,56,130,轻度污染
2021-04-24,5,13,36,15,105,0.5,5,16,13,54,21,36,54,良
2021-04-25,4,26,35,17,80,0.6,4,33,15,40,24,35,40,优
2021-04-26,4,41,31,14,39,0.6,4,51,15,20,20,31,51,良
2021-04-27,4,55,37,22,18,0.6,4,69,15,9,31,37,69,良
2021-04-28,4,40,26,19,6,0.9,4,50,23,3,27,26,50,优
2021-04-29,5,40,43,17,124,0.8,5,50,20,70,24,43,70,良
2021-04-30,10,59,80,49,296,1.0,10,74,25,206,68,65,206,重度污染
2021-05-01,6,21,53,34,188,0.9,6,26,23,125,49,52,125,轻度污染
2021-05-02,5,26,42,29,106,0.8,5,33,20,55,41,42,55,良
2021-05-03,3,26,28,14,67,0.5,3,33,13,34,20,28,34,优
2021-05-04,3,26,28,11,77,0.5,3,33,13,39,16,28,39,优
2021-05-05,4,33,38,22,136,0.7,4,41,18,80,31,38,80,良
2021-05-06,3,24,52,23,135,0.6,3,30,15,79,33,51,79,良
2021-05-07,5,24,51,27,167,0.7,5,30,18,106,39,51,106,轻度污染
2021-05-08,4,19,38,16,108,0.5,4,24,13,57,23,38,57,良
2021-05-09,4,19,37,16,113,0.5,4,24,13,61,23,37,61,良
2021-05-10,3,13,22,6,75,0.5,3,16,13,38,9,22,38,优
2021-05-11,3,12,22,7,67,0.4,3,15,10,34,10,22,34,优
2021-05-12,2,12,24,7,62,0.4,2,15,10,31,10,24,31,优
2021-05-13,3,13,24,10,60,0.4,3,16,10,30,14,24,30,优
2021-05-14,5,12,25,11,59,0.4,5,15,10,30,16,25,30,优
2021-05-15,5,10,26,10,75,0.4,5,13,10,38,14,26,38,优
2021-05-16,4,10,25,7,66,0.4,4,13,10,33,10,25,33,优
2021-05-17,4,12,23,6,59,0.4,4,15,10,30,9,23,30,优
2021-05-18,4,13,23,6,54,0.4,4,16,10,27,9,23,27,优
2021-05-19,3,10,23,8,73,0.4,3,13,10,37,11,23,37,优
2021-05-20,3,11,24,8,56,0.4,3,14,10,28,11,24,28,优
2021-05-21,3,11,21,5,63,0.4,3,14,10,32,7,21,32,优
2021-05-22,2,10,18,4,74,0.4,2,13,10,37,6,18,37,优
2021-05-23,2,12,19,4,81,0.4,2,15,10,41,6,19,41,优
2021-05-24,4,26,23,7,44,0.5,4,33,13,22,10,23,33,优
2021-05-25,7,35,24,10,65,0.6,7,44,15,33,14,24,44,优
2021-05-26,6,21,24,7,72,0.5,6,26,13,36,10,24,36,优
2021-05-27,8,16,20,5,79,0.4,8,20,10,40,7,20,40,优
2021-05-28,6,16,22,4,75,0.4,6,20,10,38,6,22,38,优
2021-05-29,6,17,25,5,58,0.4,6,21,10,29,7,25,29,优
2021-05-30,5,16,30,9,76,0.5,5,20,13,38,13,30,38,优
2021-05-31,5,19,22,9,83,0.5,5,24,13,42,13,22,42,优
2021-06-01,3,29,16,5,58,0.5,3,36,13,29,7,16,36,优
2021-06-02,3,32,24,8,47,0.5,3,40,13,24,11,24,40,优
2021-06-03,3,25,32,11,84,0.6,3,31,15,42,16,32,42,优
2021-06-04,3,25,22,8,59,0.6,3,31,15,30,11,22,31,优
2021-06-05,7,30,40,18,168,0.6,7,38,15,107,26,40,107,轻度污染
2021-06-06,12,32,58,34,212,0.7,12,40,18,147,49,54,147,轻度污染
2021-06-07,8,19,38,24,192,0.6,8,24,15,129,34,38,129,轻度污染
2021-06-08,8,23,37,17,197,0.5,8,29,13,134,24,37,134,轻度污染
2021-06-09,8,24,23,6,88,0.4,8,30,10,44,9,23,44,优
2021-06-10,8,27,23,7,93,0.4,8,34,10,47,10,23,47,优
2021-06-11,8,26,30,8,86,0.4,8,33,10,43,11,30,43,优
2021-06-12,7,21,18,4,46,0.4,7,26,10,23,6,18,26,优
2021-06-13,6,27,21,4,35,0.4,6,34,10,18,6,21,34,优
2021-06-14,5,17,22,5,35,0.4,5,21,10,18,7,22,22,优
2021-06-15,5,16,26,8,67,0.4,5,20,10,34,11,26,34,优
2021-06-16,5,13,26,9,64,0.4,5,16,10,32,13,26,32,优
2021-06-17,4,19,26,8,45,0.4,4,24,10,23,11,26,26,优
2021-06-18,5,15,28,10,87,0.4,5,19,10,44,14,28,44,优
2021-06-19,5,13,30,12,96,0.4,5,16,10,48,17,30,48,优
2021-06-20,7,12,33,13,96,0.4,7,15,10,48,19,33,48,优
2021-06-21,6,16,35,15,95,0.4,6,20,10,48,21,35,48,优
2021-06-22,4,34,22,12,88,0.4,4,43,10,44,17,22,44,优
2021-06-23,4,29,22,12,62,0.4,4,36,10,31,17,22,36,优
2021-06-24,5,38,32,16,49,0.5,5,48,13,25,23,32,48,优
2021-06-25,5,25,32,16,90,0.5,5,31,13,45,23,32,45,优
2021-06-26,4,32,34,14,65,0.4,4,40,10,33,20,34,40,优
2021-06-27,4,15,34,14,68,0.4,4,19,10,34,20,34,34,优
2021-06-28,5,16,33,13,65,0.4,5,20,10,33,19,33,33,优
2021-06-29,6,14,33,13,59,0.5,6,18,13,30,19,33,33,优
2021-06-30,5,11,32,12,54,0.5,5,14,13,27,17,32,32,优
2021-07-01,5,8,33,12,69,0.5,5,10,13,35,17,33,35,优
2021-07-02,6,10,31,10,74,0.5,6,13,13,37,14,31,37,优
2021-07-03,6,12,34,13,67,0.5,6,15,13,34,19,34,34,优
2021-07-04,6,10,27,10,93,0.4,6,13,10,47,14,27,47,优
2021-07-05,6,19,21,4,64,0.4,6,24,10,32,6,21,32,优
2021-07-06,6,25,25,4,39,0.4,6,31,10,20,6,25,31,优
2021-07-07,5,18,18,3,54,0.4,5,23,10,27,4,18,27,优
2021-07-08,5,15,18,3,64,0.4,5,19,10,32,4,18,32,优
2021-07-09,7,17,28,12,146,0.4,7,21,10,88,17,28,88,良
2021-07-10,6,13,20,5,81,0.4,6,16,10,41,7,20,41,优
2021-07-11,6,11,20,3,63,0.3,6,14,8,32,4,20,32,优
2021-07-12,6,11,17,5,81,0.4,6,14,10,41,7,17,41,优
